feature,importance
feature_2,0.17091644419861096
feature_1,0.164048513083317
feature_4,0.15171825616292514
feature_5,0.12967124585185574
feature_3,0.12227790703280998
feature_7,0.09048347936383633
feature_6,0.08996558423552779
feature_0,0.08091857007111694
